ID,"User Name","Bank Account Number",Category,Amount,refundable_amount,Description,Date
1,"Mehrab Hossain",122313412312123,"Pantheon Elysee-1 (121)",2000.00,2000.00,"Apartment Deposit",2023-07-01
2,"Mehrab Hossain",122313412312123,"Pantheon Elysee-1 (121)",2999.00,1000.00,"Dewa Deposit",2023-08-19
3,"Mehrab Hossain",10102121323203232121,"Pantheon Elysee-1 (121)",1000.00,500.00,"Gas Connection",2023-08-21
4,"Mehrab Hossain",10102121323203232121,"Pantheon Elysee-1 (121)",2000.00,0.00,"Add new Sofa to the apartment",2023-08-21
5,"Mehrab Hossain",10102121323203232121,"Satwa Villa",10000.00,0.00,,2023-08-23
6,"Mehrab Hossain",10102121323203232121,License,2000.00,0.00,,2023-08-23
7,"Mehrab Hossain",10102121323203232121,License,1200.00,0.00,"Esignature Card",2023-08-08
