ID,"User Name","Bank Account Number",Category,Amount,refundable_amount,Description,Date
192,"Mehrab Hossain",213123,"Botanican 219",500.00,300.00,"Tv buy",2023-12-08
193,"Mehrab Hossain",213123,"Transport Cost",3998.00,1000.00,"Buy fridge",2023-12-08
196,"Mehrab Hossain",213123,asdasd-electricity,122.00,0.00,"asdasd internet bill for 2024-02-14",2023-12-23
197,"Mehrab Hossain",213123,asdasd-electricity,334.90,0.00,"asdasd internet bill for 2024-03-14",2023-12-23
198,"Mehrab Hossain",213123,asdasd-electricity,27.98,0.00,"asdasd internet bill for 2024-04-14",2023-12-23
199,"Mehrab Hossain",213123,asdasd-electricity,159.00,0.00,"asdasd internet bill for 2024-05-14",2023-12-23
200,"Mehrab Hossain",213123,asdasd-electricity,190.00,0.00,"asdasd internet bill for 2024-06-14",2023-12-23
201,"Mehrab Hossain",213123,asdasd-electricity,100.00,0.00,"asdasd internet bill for 2024-01-30",2023-12-23
202,"Mehrab Hossain",213123,"Pantheon Elysee 2(315)-Maintenance",123.00,0.00,SAS,2023-12-26
203,Hanif,213123,"Pantheon Elysee 2(315)-Maintenance",111111.00,0.00,asd,2023-12-26
204,"Mehrab Hossain",213123,asdasd-electricity,1021.00,0.00,"asdasd internet bill for 2024-03-01",2023-12-28
205,"Mehrab Hossain",213123,asdasd-electricity,10000.00,0.00,"asdasd internet bill for 2024-08-14",2023-12-28
206,"Mehrab Hossain",213123,asdasd-electricity,100.00,0.00,"asdasd internet bill for 2024-09-14",2023-12-28
207,"Mehrab Hossain",213123,asdasd-electricity,1.00,0.00,"asdasd internet bill for 2024-03-30",2023-12-28
208,"Mehrab Hossain",213123,asdasd-electricity,3.00,0.00,"asdasd internet bill for 2024-03-30",2023-12-28
209,"Mehrab Hossain",213123,asdasd-electricity,2.00,0.00,"asdasd internet bill for 2024-04-30",2023-12-28
210,"Mehrab Hossain",213123,asdasd-electricity,1.00,0.00,"asdasd internet bill for 2024-05-30",2023-12-28
211,"Mehrab Hossain",213123,asdasd-electricity,4.00,0.00,"asdasd internet bill for 2024-05-30",2023-12-28
212,"Mehrab Hossain",213123,asdasd-electricity,1.00,0.00,"asdasd internet bill for 2024-06-30",2023-12-28
213,"Mehrab Hossain",213123,asdasd-electricity,2.00,0.00,"asdasd internet bill for 2024-07-30",2023-12-28
214,"Mehrab Hossain",213123,asdasd-electricity,3.00,0.00,"asdasd internet bill for 2024-10-14",2023-12-28
215,"Mehrab Hossain",213123,asdasd-electricity,1.00,0.00,"asdasd internet bill for 2024-07-30",2023-12-28
216,"Mehrab Hossain",213123,asdasd-electricity,12.00,0.00,"asdasd internet bill for 2024-11-14",2023-12-28
218,"Mehrab Hossain",213123,asdasd-electricity,12.00,0.00,"asdasd internet bill for 2024-12-14",2023-12-28
219,"Mehrab Hossain",213123,"Pantheon Elysee 2(315)-Maintenance",21.00,0.00,asdas,2024-01-31
220,"Mehrab Hossain",213123,"Pantheon Elysee 2(315)-Maintenance",32.00,0.00,,2024-01-31
